<?xml version="1.0" encoding="UTF-8"?>
<beans xmlns="http://www.springframework.org/schema/beans"
	xmlns:xsi="http://www.w3.org/2001/XMLSchema-instance"
	xmlns:context="http://www.springframework.org/schema/context"
	xsi:schemaLocation="http://www.springframework.org/schema/beans http://www.springframework.org/schema/beans/spring-beans-4.3.xsd
		http://www.springframework.org/schema/context http://www.springframework.org/schema/context/spring-context-4.3.xsd">

<import resource="myBeans.xml"/>

<bean id="myListDemo" class="org.cap.model.CollectionDemo">
	<property name="names">
		<list>
		<value>Tom</value>
		<value>Jack</value>
		<value>Jerry</value>
		<value>Thomson</value>
		</list>
	</property>
</bean>

<bean id="mySetDemo" class="org.cap.model.CollectionDemo">
	<property name="nameSet">
		<set>
		<value>Tom</value>
		<value>Jack</value>
		<value>Jerry</value>
		<value>Thomson</value>
		</set>
	</property>
</bean>

<bean id="myMapDemo" class="org.cap.model.CollectionDemo">
	<property name="addressMap">
		<map>
			<entry key="1" value="Chennai"></entry>
			<entry key="2" value="Pune"></entry>
			<entry key="3" value="Delhi"></entry>
		</map>
	</property>
</bean>

</beans>
