<?xml version="1.0" encoding="UTF-8"?>
<beans xmlns="http://www.springframework.org/schema/beans"
	xmlns:xsi="http://www.w3.org/2001/XMLSchema-instance"
	xmlns:context="http://www.springframework.org/schema/context"
	xsi:schemaLocation="http://www.springframework.org/schema/beans http://www.springframework.org/schema/beans/spring-beans-4.3.xsd
		http://www.springframework.org/schema/context http://www.springframework.org/schema/context/spring-context-4.3.xsd">

<bean id="emp" class="org.cap.model.Employee" scope="singleton"  init-method="init_method" destroy-method="destroy_method">
<!-- autowire="byName" -->
	<constructor-arg name="employeeId" value="1001"></constructor-arg>
	<constructor-arg name="employeeName" value="Tom"></constructor-arg>
	<constructor-arg name="salary" value="23000"></constructor-arg>
	<!-- <constructor-arg name="address" ref="myAddress"></constructor-arg> -->

	<!--  <property name="employeeId" value="1001"/>
	<property name="employeeName" value="Tom"/>
	<property name="salary" value="23000"/> -->
	<!-- setter based injection -->
	<!--  <property name="address" ref="myAddress"></property>  -->
</bean>

<bean id="address" class="org.cap.model.Address">
	<property name="stName" value="north Avenue"></property>
	<property name="city" value="Chennai"></property>
</bean>
</beans>
